fold,mae,mae_deg,mae_bc,mae_ec,mae_ic,mae_pr,mae_katz,clustering_diff,laplacian_frobenius_distance
fold_1,0.17603524029254913,0.21037574848822638,0.023573761746505533,0.016850460002588233,0.04710855912278046,0.0007624791164003763,0.06717550799720536,0.0574305255478279,405.0442810058594
fold_2,0.1887628585100174,0.18739126973237322,0.024325292673086526,0.018065371114403393,0.10253409853198914,0.0008371346480380843,0.06611480794251191,0.06757677971589911,470.5575866699219
fold_3,0.18608905375003815,0.17097183473168717,0.0252118450349648,0.018104522357669805,0.1002008203461018,0.000874236960845465,0.06706462660011754,0.06505010750756408,459.8043518066406
average,0.18362905085086823,0.18957961765076226,0.024370299818185618,0.017673451158220475,0.08328115933362379,0.0008246169084279751,0.06678498084661161,0.06335247092376368,445.1354064941406
