fold,mae,mae_deg,mae_bc,mae_ec,mae_ic,mae_pr,mae_katz,clustering_diff,laplacian_frobenius_distance
fold_1,0.1780327558517456,0.14202944300309428,0.022820359685750958,0.01654060295997228,0.052313426450492855,0.0009244776239507501,0.06775055596797838,0.05299824318318718,417.727294921875
fold_2,0.18553002178668976,0.15103661129151658,0.023304421721855546,0.016889501206747023,0.05770742077940271,0.0009434869349841435,0.0706065551507004,0.06948260685498396,478.927978515625
fold_3,0.18666614592075348,0.13752060263883173,0.023122198164344028,0.016357519397768545,0.08702894348754905,0.0009964805150371769,0.06942499585370004,0.06449150614751109,490.8365783691406
average,0.18340963125228882,0.14352888564448085,0.02308232652398351,0.01659587452149595,0.06568326357248154,0.0009548150246573568,0.06926070232412627,0.062324118728560744,462.4972839355469
