fold,mae,mae_deg,mae_bc,mae_ec,mae_ic,mae_pr,mae_katz,clustering_diff,laplacian_frobenius_distance
fold_1,0.17585668362238827,0.14596301374817913,0.02274268401765677,0.016276457842596695,0.02953148907007431,0.0008254967605825816,0.06771068791292523,0.05208988299867242,396.18890380859375
fold_2,0.20685874196616086,0.14590987859476875,0.021608503062116133,0.017556893193612942,0.05641358261591205,0.001034175711706495,0.06619965527449416,0.07642562697315568,557.5346069335938
fold_3,0.18120666164340396,0.13357285753730494,0.022418047670260878,0.014749152435256917,0.029644162487598155,0.0008024325887960956,0.0684374022014607,0.062434603088097985,432.0643615722656
average,0.18797402907731767,0.1418152499600843,0.022256411583344595,0.016194167823822183,0.03852974472452817,0.0008873683536950574,0.06744924846296003,0.06365003768664203,461.9292907714844
