fold,mae,mae_deg,mae_bc,mae_ec,mae_pr,mae_katz,clustering_diff,laplacian_frobenius_distance
fold_1,0.17857743799686432,0.14283013222058907,0.022675043079183888,0.016741232437017722,0.0009382328119317878,0.06801099081871398,0.053395472745973685,421.994873046875
fold_2,0.1856541633605957,0.15308374708005765,0.02354403571779142,0.016963869730826996,0.0009570488052153921,0.07011502856252029,0.07010776259633977,484.21844482421875
fold_3,0.18688634037971497,0.13642631242832484,0.022726355702957023,0.016282403524668747,0.0009882722712014614,0.07036229820642043,0.0655169138166118,491.9137268066406
average,0.18370597064495087,0.14411339724299052,0.022981811499977443,0.016662501897504487,0.0009611846294495471,0.06949610586255156,0.06300671638630842,466.0423583984375
